{
    "sceneName": "Timepressing_Expedition_113_Pizza",
    "areaCenter": {
        "x": 28.950002670288087,
        "y": -9.680000305175782,
        "z": 152.8699951171875
    },
    "areaSize": {
        "x": 19.798992156982423,
        "y": 1.0,
        "z": 19.79901123046875
    },
    "screenshotPath": "D:\\adventures-40.0-develop\\map_exports\\Timepressing_Expedition_113_Pizza_area_20250808_220034.png",
    "comment": "Сокровищница: открывается за золотые инструменты, внутри много энергии",
    "objects": [
        {
            "name": "Cliff",
            "prefabPath": "",
            "position": {
                "x": -30.229999542236329,
                "y": 4.0,
                "z": 14.84000015258789
            },
            "rotation": {
                "x": 0.0,
                "y": 0.0,
                "z": 0.0,
                "w": 1.0
            },
            "scale": {
                "x": 1.0,
                "y": 1.0,
                "z": 1.0
            },
            "worldPosition": {
                "x": 28.970001220703126,
                "y": 12.0,
                "z": 148.83999633789063
            },
            "worldRotation": {
                "x": 0.0,
                "y": 0.0,
                "z": 0.0,
                "w": 1.0
            },
            "worldScale": {
                "x": 1.0,
                "y": 1.0,
                "z": 1.0
            }
        },
        {
            "name": "MapSelectionArea",
            "prefabPath": "",
            "position": {
                "x": 28.950000762939454,
                "y": -9.680000305175782,
                "z": 152.8699951171875
            },
            "rotation": {
                "x": 0.0,
                "y": 0.3826834559440613,
                "z": 0.0,
                "w": 0.9238795042037964
            },
            "scale": {
                "x": 1.0,
                "y": 1.0,
                "z": 1.0
            },
            "worldPosition": {
                "x": 28.950000762939454,
                "y": -9.680000305175782,
                "z": 152.8699951171875
            },
            "worldRotation": {
                "x": 0.0,
                "y": 0.3826834559440613,
                "z": 0.0,
                "w": 0.9238795042037964
            },
            "worldScale": {
                "x": 1.0,
                "y": 1.0,
                "z": 1.0
            }
        }
    ],
    "terrain": {
        "views": [
            {
                "name": "Terrain",
                "position": {
                    "x": -32.0,
                    "y": 0.0,
                    "z": -8.0
                },
                "rotation": {
                    "x": 0.0,
                    "y": 0.0,
                    "z": 0.0,
                    "w": 1.0
                },
                "scale": {
                    "x": 1.0,
                    "y": 1.0,
                    "z": 1.0
                },
                "floorColor": {
                    "r": 1.0,
                    "g": 1.0,
                    "b": 1.0,
                    "a": 1.0
                },
                "rendererBoundsCenter": {
                    "x": 65.67216491699219,
                    "y": 4.0,
                    "z": 81.65921020507813
                },
                "rendererBoundsSize": {
                    "x": 195.83828735351563,
                    "y": 16.0,
                    "z": 180.68157958984376
                }
            }
        ],
        "components": [
            {
                "name": "Cliff",
                "type": "TerrainPlatform",
                "position": {
                    "x": 88.9000015258789,
                    "y": 4.0,
                    "z": 100.5
                },
                "rotation": {
                    "x": 0.0,
                    "y": 0.0,
                    "z": 0.0,
                    "w": 1.0
                },
                "scale": {
                    "x": 1.0,
                    "y": 1.0,
                    "z": 1.0
                },
                "rendererBoundsCenter": {
                    "x": 86.5875244140625,
                    "y": 2.0,
                    "z": 114.30339813232422
                },
                "rendererBoundsSize": {
                    "x": 148.12088012695313,
                    "y": 4.0,
                    "z": 102.31182861328125
                }
            },
            {
                "name": "Cliff",
                "type": "TerrainPlatform",
                "position": {
                    "x": -23.299999237060548,
                    "y": 4.0,
                    "z": 161.10000610351563
                },
                "rotation": {
                    "x": 0.0,
                    "y": 0.0,
                    "z": 0.0,
                    "w": 1.0
                },
                "scale": {
                    "x": 1.0,
                    "y": 1.0,
                    "z": 1.0
                },
                "rendererBoundsCenter": {
                    "x": -5.322914123535156,
                    "y": 2.0,
                    "z": 103.24317932128906
                },
                "rendererBoundsSize": {
                    "x": 53.848121643066409,
                    "y": 4.0,
                    "z": 130.71995544433595
                }
            },
            {
                "name": "Cliff",
                "type": "TerrainPlatform",
                "position": {
                    "x": 28.970001220703126,
                    "y": 12.0,
                    "z": 148.83999633789063
                },
                "rotation": {
                    "x": 0.0,
                    "y": 0.0,
                    "z": 0.0,
                    "w": 1.0
                },
                "scale": {
                    "x": 1.0,
                    "y": 1.0,
                    "z": 1.0
                },
                "rendererBoundsCenter": {
                    "x": 52.503944396972659,
                    "y": 10.0,
                    "z": 138.48948669433595
                },
                "rendererBoundsSize": {
                    "x": 63.347381591796878,
                    "y": 4.0,
                    "z": 32.039276123046878
                }
            },
            {
                "name": "Cliff",
                "type": "TerrainPlatform",
                "position": {
                    "x": 59.19999694824219,
                    "y": 8.0,
                    "z": 134.0
                },
                "rotation": {
                    "x": 0.0,
                    "y": 0.0,
                    "z": 0.0,
                    "w": 1.0
                },
                "scale": {
                    "x": 1.0,
                    "y": 1.0,
                    "z": 1.0
                },
                "rendererBoundsCenter": {
                    "x": 50.20195388793945,
                    "y": 6.0,
                    "z": 115.76026916503906
                },
                "rendererBoundsSize": {
                    "x": 71.54087829589844,
                    "y": 4.0,
                    "z": 85.81120300292969
                }
            }
        ]
    },
    "clouds": {
        "transparentAreas": [],
        "cloudsViews": []
    }
}