{
    "sceneName": "Timepressing_Expedition_113_Pizza",
    "areaCenter": {
        "x": 51.880001068115237,
        "y": 0.0,
        "z": 111.80000305175781
    },
    "areaSize": {
        "x": 8.485282897949219,
        "y": 1.0,
        "z": 8.48529052734375
    },
    "screenshotPath": "D:\\adventures-40.0-develop\\map_exports\\Timepressing_Expedition_113_Pizza_area_20250808_215921.png",
    "comment": "Кэшбек энергии для игрока",
    "objects": [
        {
            "name": "Obstacle_Pomegranate_2",
            "prefabPath": "Assets/Data/Objects/Obstacles/Swamp/Obstacle_Swamp_MagnoliaTree.prefab",
            "position": {
                "x": 50.18000030517578,
                "y": 8.0,
                "z": 112.12999725341797
            },
            "rotation": {
                "x": 0.0,
                "y": 0.0,
                "z": 0.0,
                "w": 1.0
            },
            "scale": {
                "x": 1.0,
                "y": 1.1547000408172608,
                "z": 1.0
            },
            "worldPosition": {
                "x": 50.18000030517578,
                "y": 8.0,
                "z": 112.12999725341797
            },
            "worldRotation": {
                "x": 0.0,
                "y": 0.0,
                "z": 0.0,
                "w": 1.0
            },
            "worldScale": {
                "x": 1.0,
                "y": 1.1547000408172608,
                "z": 1.0
            }
        },
        {
            "name": "Decor_ParkBench_Back_4",
            "prefabPath": "Assets/Data/Objects/Expeditions/Decor/Expedition_03_03_Lighthouse_Mystery/Decor_ParkBench_Back.prefab",
            "position": {
                "x": 50.20000076293945,
                "y": 8.0,
                "z": 112.58999633789063
            },
            "rotation": {
                "x": 0.0,
                "y": 0.0,
                "z": 0.0,
                "w": 1.0
            },
            "scale": {
                "x": -1.0,
                "y": 1.1547000408172608,
                "z": 1.0
            },
            "worldPosition": {
                "x": 53.67000198364258,
                "y": 8.0,
                "z": 111.52999877929688
            },
            "worldRotation": {
                "x": 0.0,
                "y": 0.0,
                "z": 0.0,
                "w": 1.0
            },
            "worldScale": {
                "x": -1.0,
                "y": 1.1547000408172608,
                "z": 1.0
            }
        },
        {
            "name": "CasualLantern_3",
            "prefabPath": "Assets/Data/Objects/Expeditions/Decor/TimepressingExpedition_04_Christmas/CasualLantern.prefab",
            "position": {
                "x": 48.279998779296878,
                "y": 8.0,
                "z": 114.4000015258789
            },
            "rotation": {
                "x": 0.0,
                "y": 0.0,
                "z": 0.0,
                "w": 1.0
            },
            "scale": {
                "x": 1.0,
                "y": 1.1547000408172608,
                "z": 1.0
            },
            "worldPosition": {
                "x": 51.75,
                "y": 8.0,
                "z": 113.34000396728516
            },
            "worldRotation": {
                "x": 0.0,
                "y": 0.0,
                "z": 0.0,
                "w": 1.0
            },
            "worldScale": {
                "x": 1.0,
                "y": 1.1547000408172608,
                "z": 1.0
            }
        },
        {
            "name": "Decor_CasualLantern",
            "prefabPath": "Assets/Data/Objects/Expeditions/Decor/TimepressingExpedition_04_Christmas/CasualLantern.prefab",
            "position": {
                "x": 0.0,
                "y": 0.0,
                "z": 0.0
            },
            "rotation": {
                "x": 0.0,
                "y": 0.0,
                "z": 0.0,
                "w": 1.0
            },
            "scale": {
                "x": 1.0,
                "y": 1.0,
                "z": 1.0
            },
            "worldPosition": {
                "x": 51.75,
                "y": 8.0,
                "z": 113.34000396728516
            },
            "worldRotation": {
                "x": 0.0,
                "y": 0.0,
                "z": 0.0,
                "w": 1.0
            },
            "worldScale": {
                "x": 1.0,
                "y": 1.1547000408172608,
                "z": 1.0
            }
        },
        {
            "name": "Big_lantern",
            "prefabPath": "Assets/Data/Objects/Expeditions/Decor/TimepressingExpedition_04_Christmas/CasualLantern.prefab",
            "position": {
                "x": 0.026000000536441804,
                "y": 1.593000054359436,
                "z": -1.4470000267028809
            },
            "rotation": {
                "x": 0.0,
                "y": 0.0,
                "z": 0.0,
                "w": 1.0
            },
            "scale": {
                "x": 1.0,
                "y": 0.8660258054733276,
                "z": 1.0
            },
            "worldPosition": {
                "x": 51.7760009765625,
                "y": 9.839437484741211,
                "z": 111.89300537109375
            },
            "worldRotation": {
                "x": 0.0,
                "y": 0.0,
                "z": 0.0,
                "w": 1.0
            },
            "worldScale": {
                "x": 1.0,
                "y": 1.0,
                "z": 1.0
            }
        },
        {
            "name": "Fire",
            "prefabPath": "Assets/Data/Objects/Expeditions/Decor/TimepressingExpedition_04_Christmas/CasualLantern.prefab",
            "position": {
                "x": -0.03550000116229057,
                "y": -0.3278000056743622,
                "z": 1.524999976158142
            },
            "rotation": {
                "x": 0.0,
                "y": 0.0,
                "z": 0.0,
                "w": 1.0
            },
            "scale": {
                "x": 1.0,
                "y": 1.1547000408172608,
                "z": 1.0
            },
            "worldPosition": {
                "x": 51.740501403808597,
                "y": 9.511636734008789,
                "z": 113.41800689697266
            },
            "worldRotation": {
                "x": 0.0,
                "y": 0.0,
                "z": 0.0,
                "w": 1.0
            },
            "worldScale": {
                "x": 1.0,
                "y": 1.1547000408172608,
                "z": 1.0
            }
        },
        {
            "name": "Glow",
            "prefabPath": "Assets/Data/Objects/Expeditions/Decor/TimepressingExpedition_04_Christmas/CasualLantern.prefab",
            "position": {
                "x": -0.028999999165534974,
                "y": -0.27900001406669619,
                "z": 1.5540000200271607
            },
            "rotation": {
                "x": 0.0,
                "y": 0.0,
                "z": 0.0,
                "w": 1.0
            },
            "scale": {
                "x": 1.0,
                "y": 1.1547000408172608,
                "z": 1.0
            },
            "worldPosition": {
                "x": 51.74700164794922,
                "y": 9.560437202453614,
                "z": 113.44700622558594
            },
            "worldRotation": {
                "x": 0.0,
                "y": 0.0,
                "z": 0.0,
                "w": 1.0
            },
            "worldScale": {
                "x": 1.0,
                "y": 1.1547000408172608,
                "z": 1.0
            }
        },
        {
            "name": "Glow_big",
            "prefabPath": "Assets/Data/Objects/Expeditions/Decor/TimepressingExpedition_04_Christmas/CasualLantern.prefab",
            "position": {
                "x": -0.03779999911785126,